PersonID,Name,ElectedDate,ResignedDate,FirstDirector
1df12a37-6818-4137-ab58-8a755de2b4e6,Kelley Hartop,2021-03-22,,
0d12cc25-e701-47f2-8793-b76de831daf4,Celestia Hilary,2020-04-20,,
fc2593b3-8596-451e-93e3-e78d2b8b4521,Mavis Benedidick,2020-09-09,,
6db5d1f4-7ec5-4238-b203-633ccb7fbc87,Dulcea Rebert,2020-04-21,,
002e98ac-2d54-425e-b0eb-59551ee222c5,Garnette Bailiss,2022-05-21,2022-09-20,
6db223e0-06da-4b97-9ff7-703945bbc536,Karita Sivil,2022-09-13,,
d1b65b57-9232-4724-b041-eb3c5e7fb64d,Rudolfo Bursnall,,,Yes
10270c53-a418-4e7e-8c6f-7f2c8e87aeab,Rutger McGeechan,2020-05-20,,
ea6ed403-9a84-4f9d-8ca0-edd07128c939,Benetta Bootes,2022-11-07,2022-03-28,
520fd7f8-b504-435b-9a69-231bd2e662ec,Liv Lock,2022-10-19,,
707547d5-6d21-4844-9429-69b7d1dc3567,Barnett Roggers,2020-06-18,,
a3983b10-43ca-4d3e-82ad-6bc5e99131b7,Tillie Friman,2020-07-15,2022-09-23,
cf0aa6fb-8fc2-48bc-8297-092fbf5fabbb,Marlie Digle,,,Yes
5c05ca90-d52d-46db-9f82-105374735fae,Reinold Yurasov,2021-04-20,2022-08-14,
9ec06d30-1717-44b5-a3e2-8b5912e8d68d,Steffane Inglish,2020-05-23,,
16302482-8ed6-4c7a-b097-3837776cabed,Jandy Nevitt,2020-09-21,2021-06-05,
c084eadc-c282-4a9e-9fc4-5d8227543b1b,Nerte Waycott,,,
dc50fd41-1ce2-46d0-8ae7-a12c1efc73c7,Leonie Bazell,,,
6013e29b-c4ec-4372-b97e-8955e527bbc8,Clem Tummond,2022-02-17,,
d6b17f9d-2d7a-4a32-9456-ada53451160f,Giff Bidnall,,,
2476a2c2-e692-4d09-a65b-40483ac05f36,Laney Heiner,2022-07-07,,
27736da2-b84f-49d2-9a54-2e68830b5a06,Aeriel McGourty,,,
4ed65626-06d2-4bcf-9674-7124049bcb7b,Nannie Lazar,,,
ae7acd1a-a164-410a-98b6-957676fcf19f,Christyna Searles,,,
5fc3ab80-0313-49b2-8229-274960fab97b,Lydie Studart,2021-11-27,2022-09-16,
a01682cb-3d12-4a6e-83ed-c095f73b2c4f,Ethyl Lazonby,2022-05-19,,
0cfee843-7e28-45f7-be91-a40c16ee2e90,Konstanze Perdue,2020-09-21,,Yes
478fb676-c9ef-4973-bf0e-6519a91c4b4c,Rhett Wilmington,2022-04-06,,
42440832-3c3c-4989-9b34-b87bc624b1f8,Steward Carek,2020-06-10,,
5f3cd106-3977-4d11-bfd8-f4a3b83ebc6c,Cammi Agius,,,
609a4b79-b638-409d-b0b4-87886e8f47b7,Clo Scragg,2020-05-05,,
124883be-b584-4c76-9533-d558098595b3,Geoffry Hubbocks,2021-12-06,,
936e5313-94a2-4dcf-b29e-ffce496450a6,Jordain Bellefonte,2021-12-04,,
54b82b86-c68e-4e24-9ec7-82f5ca20f60c,Torre McBoyle,2020-06-21,,
f3a9db9d-b633-4409-99e4-7b34c9037f96,Corey Heynen,2021-10-03,2022-03-06,
6b852fc7-0ef4-4232-8df5-e63bc36ca107,Constantia Duer,2020-11-17,,
db754c8c-476e-4ce6-b733-ae7016ae458e,Pearl Linham,,2022-01-15,
0220642f-8bb7-4885-acd8-9140df843024,Bettye Di Ruggero,,2020-06-29,Yes
a07b924e-edd4-4589-93ed-c1b7ca210cc7,Janith Bowie,2021-03-30,,
a3746868-6926-4a69-8851-6bc4b4ec3a01,Gallagher Ker,2022-05-23,,
81f0e413-7af9-42a2-9da5-d5e184bcd906,Blair Crat,2021-06-02,,
39e0a356-b1a5-47d7-9837-98df301693ad,Rutherford Dils,2022-08-19,2021-07-03,
4dec6b3e-1cbe-43b7-8aac-f59ae33add94,Kenny Quirk,2021-11-27,,
a741b821-be58-4ae3-9729-aafbd198e7b8,Ralf Kilford,2021-11-18,,
871922e7-343a-4c4a-a4cb-c90dcc550479,Coop Bliven,2020-05-05,2022-02-05,
b6860c32-9d71-40d1-aa6f-9280b14f066a,Marin Lightbody,2022-06-04,2021-10-30,
11a9f38c-acc7-4e45-ae6c-bb7dd5f6e112,Coralie Snawdon,2021-06-11,2022-05-31,
5688fec9-ad42-41f4-8f83-8343e0755cd0,Larisa Romaynes,2022-09-06,,
89f3bc46-3117-4409-8123-795df21285f2,Roman Blazic,2022-03-14,2021-12-05,
13e05f90-041b-419a-97cc-adcdeae79ce4,Dur Tumilty,2022-09-06,2022-10-31,
01dcb663-a0d8-471c-a291-3ab3b89b00c9,Pauletta Sheardown,2022-06-14,2021-05-10,
4f4f29e1-46da-4d56-b41b-61ba98e0428e,Prue Bursnall,2020-09-14,,
4390fc94-aa28-4bd1-afa7-b9c5f20c638b,Frasier McClay,2021-05-11,,Yes
ef5afb10-d974-4423-b7d3-68103eb9bc8c,Dorelle Crone,2021-04-20,,
af6247d8-61ac-4839-9aa3-0a904694d4a8,Ondrea Wilber,2021-07-29,2021-01-06,
6e4fde8d-3b1b-41aa-a9e1-64bab8bd86c4,Shaw Hethron,2022-06-25,,
482f064f-9001-4dfc-9fa6-c1d391358089,Devland Sextie,2022-05-01,,
4cf9851c-9a03-49d4-8358-aacb12ce34a7,Carmelina Dalgetty,,2020-09-10,
6fdeedac-ddae-45c0-b2de-259d518abaec,Lorilee London,2020-11-15,,
88f73085-9092-4537-a68d-fa0c925da117,Alphonso Woodrup,,2021-09-23,
668ddfd0-f30f-4dca-93d9-bcd8e064a8ba,Morgan Tindle,,2020-06-22,
2b7a6b4c-8dd2-4355-9293-6a88f4cde240,Walliw Peers,2022-06-22,,Yes
3f142360-c1f6-446d-8854-09d51b2a29fc,Osmund Kordas,,,Yes
e5b4de80-967a-4a9b-831f-952f51a00257,Kare Cuphus,2020-06-09,,
88f0e61e-842d-4969-af6f-3a24bcb522c8,Micky Pycock,2021-11-25,,
c689c6a4-ec12-401c-be48-61fb233ffa49,Milzie Ropp,2021-06-04,2021-02-25,
1aa4f30b-fc84-4cdb-befc-fa0cbe847816,Ddene Cornau,2022-03-11,,
d213bbe8-2ede-4768-8f74-fbb5fa2ced62,Patti Saveall,2022-02-22,,
55800320-33e0-46d2-b1fe-7d0d0b15f57f,Klaus Durkin,2022-03-01,2021-03-09,Yes
32a6e801-caca-43e3-964c-9235b6ffd022,Blayne Burnup,2021-01-21,,
d6172e04-090a-419e-9571-a9c9571008df,Thom Fendt,2021-05-17,,Yes
435838d4-ba83-4478-8ba9-19dd0a3d3e4f,Allegra Clinch,,,
f18fdd1e-b012-4dff-84ad-52643064c102,Sharlene Lillford,2022-08-11,,Yes
19d6d308-598e-433b-84e1-e487a7047831,Allan Favelle,2020-12-04,2021-03-20,Yes
edfb8363-3744-43bb-8e4d-ad24869626b3,Nell Di Ruggiero,2020-10-14,,
d8ba0acc-698a-4ef5-8447-3ea6a982fd78,Jaquelin Peele,,,
05683baa-0573-4ce3-827c-15be5d56234f,Constanta Jorioz,2021-10-24,2021-04-07,
2572b6fe-e9b4-4c7b-b801-7f88f7445cba,Sammy Willes,2022-06-04,,Yes
976e9594-243b-4a6b-a1b6-606222dfce64,Gail Cholomin,2022-06-28,2020-11-17,Yes
47e546b0-a22e-40cd-830b-e1535b99e56a,Samuel Duxbury,2020-05-14,,
99aee08c-f56e-4aae-b078-d8eb884b661b,Seline Glazier,2021-05-26,2022-02-22,Yes
9c9ec631-7922-4517-a2db-13bbf7dac732,Leslie Simonian,2020-09-28,2020-10-31,
9356f4d8-b3bb-439d-b400-83140680b422,Milt Keay,2021-05-05,,Yes
6bc1a6aa-a16f-478e-a849-d200ba64f219,Frasier Salvage,,,
46d3ae74-1b64-40e4-88ef-431bdd9c8bb3,Nilson Limbrick,2022-05-25,,
0eb0f956-c750-41c9-9aa3-53b78c392144,Caro Petche,2020-03-22,,
c91a3bd9-2e34-4b69-8a0f-5be31cba8e26,Inger Streatley,2022-08-11,,
fb875374-6c03-450c-9741-2eb9f24c6db0,Sheela Leimster,,,
6aeb35da-60a9-412b-b4b2-d2f49beaf40a,Gelya Lamb,2021-09-02,2022-02-16,
799e1521-7082-49e6-83fe-d78de831c115,Shirl Vickress,2022-10-16,,
cb01bf2a-be99-4ae3-8d1a-d34700122925,Alix Hansley,2022-06-18,,Yes
d8813b91-1e62-4c39-9a07-017f7b0ab6b0,Lorette Hannibal,2022-08-08,2020-06-30,
4e1cefc1-2df1-4629-8761-a1fe1071b121,Aristotle Rainger,2021-09-08,,
eb0cb77a-1e8f-4e9d-8d28-a8f9be27f728,Jozef Fardoe,2020-04-08,2022-07-25,
7cfab6e0-849f-403d-99d2-9e6ae01f13ed,Roma Birkhead,2020-07-08,,
cd6ffc02-ac98-4da5-8fca-0ff784e6d850,Odo Ashenhurst,2020-07-12,,
b368ac5a-807f-4067-9cb7-df11b822aa61,Danell Libreros,2021-08-05,,
67d22a3a-1982-4ae6-be76-e81a3185660c,Alexandrina Danielsohn,2022-01-29,,Yes
4bc966db-8a02-4fff-86f0-3e0d522f1733,Philippine Von Salzberg,2021-11-23,,
dd8329b0-f4df-4cec-a29f-8144cfdc802a,Hali Swallow,2021-01-08,2020-12-19,
630c62f1-ccc7-471a-81a7-f57dbbb722b8,Tandy Campaigne,2022-10-06,2021-09-07,
94265534-fa82-4885-b670-6c734232d380,Jenna Minogue,2021-05-13,,
e3a674a6-d458-411e-befb-e2cc76bf8b1c,Regine Ortmann,2020-12-11,,Yes
5aafee0f-4426-4501-be82-58d5d5a42ebf,Karalee O'Fallone,2022-05-10,,
8cee582f-d2ad-42a4-9edd-db09468c544a,Virgina Cashman,2022-02-03,,
5047e1b3-8385-4daa-a0d9-7ac3059c0f23,Allistir Tunney,2022-09-18,,
849c8978-2278-41c7-a231-6c718fcc0602,Sarene Bocock,2021-04-23,2021-04-30,
aaa84a61-2c4e-4592-b714-368a24a86e83,Caressa Leaver,2020-12-30,,
1fadcd28-ce70-4da0-b176-04b0eb57e7ad,Eimile Sore,2020-05-06,,
f7dcee9e-3d26-43cb-8f3a-5fbcef885558,Teri Kennler,2020-06-21,2020-05-22,
555c79e6-29bb-4016-a655-15ef68c029e7,Gabbie Behrens,2022-07-17,,
067344f3-9a7c-4c83-859f-8cb9aa58958e,Gerik Kennler,2021-10-19,2021-06-28,
7c5cf9b3-02a7-4b26-93b8-f61909bfde17,Donn Fenge,2020-06-09,2021-06-07,
6e1c7355-37c7-485f-a876-7df62677ed3d,Malvina Knell,2021-12-07,2021-03-20,
787dbad6-443c-43e8-8a2d-10098828c465,Mariele Sarath,2020-04-27,,
9184c3a0-2734-409d-b09d-c78add9ec36a,Amabelle Merrill,2021-02-07,,
064aaba4-bf1d-4e5a-8b95-e02e94aac0a8,Annemarie Gallamore,2021-07-14,,
cd0032d8-001f-4877-97f1-910102322020,Julita Castro,,,
eaaeda6e-5138-4c25-8da3-22c108263d8c,Scott Weall,2021-05-21,,
5278ae68-0ed7-4191-94ec-1af1f676836c,Ola Wilcocks,2021-05-16,,
8bc34eb5-cc52-4d80-b6ec-48cfa544612b,Donalt Bayston,2021-08-14,,
c6e513dc-b307-4100-a142-1881a7d2fe4e,Millie Tarbath,2021-12-12,,Yes
90770803-5609-4fa3-9c11-34f8b4010bcb,Marsh Doag,2022-11-21,,
b888cf2f-2a04-469b-86bf-22d756826996,Sig Ducarel,2021-02-20,2021-04-18,
0f092076-e295-46d1-b1cc-aae3141cf364,Liam Bendall,2022-10-12,,
efbe009b-7c19-47b2-8eb9-8cc3de67b306,Harriot Wooller,2021-04-26,,
94c07ca5-3e7f-4248-a66d-2180ae1ed602,Gene Libbis,2020-05-07,,Yes
f2f5cc29-dfc7-472d-9572-b03e1b7df072,Bamby Gohier,2020-04-18,2022-03-08,
b02812b7-0148-45af-bea4-6806c457437f,Austine Braundt,2021-01-23,2021-02-20,
c63201ba-a9ad-48e2-9fa7-b8996ec30d40,Bald Burbidge,2022-03-02,,
305baa8a-19ca-45c9-8e53-e5e6c20812bc,Kaitlin Setterington,2021-12-18,,
8172789e-ef37-4f88-9ac4-628f4091eca5,Merlina Zuker,2020-11-20,,
32a8c90d-4706-4925-b694-6c9a56f8c1a9,Valene Mark,2022-03-28,,
86e6c965-46f3-42eb-8269-dd0ccebc22f6,Heloise Meadmore,2020-07-14,,
d0a38e37-b3c1-4c63-b742-34c2c26bc577,Lucienne Tithacott,2020-10-18,,Yes
000eeb9f-fe10-4c22-a495-6efa3d20e1ce,Horatius Licas,2022-06-25,,
6338c64c-8609-49ab-aabe-ae7d9b3174b1,Floria Bucher,2021-12-20,,
5e826275-68f9-4521-aad5-4ec7ed153d7a,Obed Batts,2022-05-11,,
becf327c-3a27-4c6f-927a-29482f3fa22b,Mahmud Cantopher,2021-08-03,,
99f8a8ac-f056-4fa9-bf74-ba4dbd433903,Querida Stobbe,2020-04-25,2022-06-26,
b6f8368b-3572-4d1c-b2c8-75b816d59909,Crystal Perrinchief,2022-10-30,,
5f95d7f6-54d8-4288-8d51-2d0c8b097256,Wiley Bushell,2020-08-02,2020-04-27,
3ede674a-663f-457c-aa8f-0c9cac991764,Dione Melton,2021-02-09,,
a9455a49-5326-4069-a547-8700eff60d0c,Nikoletta Yakovl,2020-11-26,,Yes
a22b217e-2afe-414e-9f16-0f83b3b2af86,Mitch Castel,2021-05-06,,
ec08d569-aa79-4fc4-94cd-257740c791fd,Brande Gemnett,2022-04-17,2020-10-16,
3b9a6b31-6151-4eac-9993-5dbf4edaecff,Hasheem Marrows,2020-06-21,,
ffc0cf35-c1f2-44f8-96cd-ca7a2025ea03,Brennen Lashley,2021-04-04,2021-08-26,Yes
7510999d-3360-4370-9564-7a6aea24ceca,Novelia Hendrick,2022-05-09,2021-03-22,
01ee86c1-f147-4d81-9b7c-0db34453701f,Aggie Botterell,,2021-10-16,
ff93deff-6e56-463f-95f2-5e092b5fdcaf,Lilith Quade,2021-02-05,2020-08-17,
f1992c3c-5e33-49f4-8d01-c232110ac725,Channa Flanigan,2021-09-14,,
205db3a3-e5d4-4155-aab8-32e30fa2f8df,Bar Peperell,2020-10-03,,
8ed814e2-83c7-4e90-9601-b05858143ddf,Noby Sallan,2022-01-22,,
c663f643-9152-489b-98ef-af9c7482e7ee,Jami Crewes,2022-09-16,2022-02-23,
34718279-51a5-4891-b707-512cd926f8fd,Inglis Mouse,2021-05-29,,
17ba41d5-28e4-4800-8aa6-f9b46536a3cc,Gigi Suter,2020-11-25,,
29d02e2f-0cea-4121-bfef-4e6a1467db34,Lynelle Giuron,2021-11-11,,
6142d543-8d2a-4f53-976c-8156c6995b61,Othelia Drohun,2020-07-29,,
6fe7d2e0-fb39-49d0-88f2-babba0dc2ae1,Sterling Dodridge,2021-06-03,,
f25b3e60-5926-4dfc-84dc-4b58cfd41a1a,Kalila Wiley,2022-03-24,,
5812a267-43f5-4832-b15b-c69a381367da,Rhiamon McCambrois,,2020-11-03,
277c3f82-a01d-4e6e-aed6-b08c26cabf17,Bruce Cranny,2021-12-21,2021-09-28,
6f5e02c6-30c8-4d17-936a-e157be622b18,Herta Camillo,2022-11-05,,
f03eee64-b6ee-48ae-95c5-ef95a94c4418,Corbet Soane,,2020-11-30,
ebdb9dc2-3529-4240-ac5f-c70d77b54d64,Marthe Iddens,2020-05-09,2021-03-02,
3d701c63-aba4-4eff-bb5c-17e0b63d7571,Gordon O'Scollain,,2022-05-05,
9df593bc-43c5-4d3c-9d7c-a4e317118815,Shannon Gunny,2020-05-03,,
1560fc2d-2f44-4685-b6bb-6426765d42bd,Ashli Desporte,2022-09-27,,
5729f7d5-1e25-4388-908a-593ed919f976,Tabatha Grafom,2021-05-11,2021-10-13,
2a4c837f-7e26-4e89-921c-58093eb69b61,Otho Morewood,,,
12e4f913-9535-40a4-b622-796721ff1ba3,Stepha Ianinotti,2021-12-14,,
daba3af3-522d-4d7b-a135-a7e2dae791e3,Ignacius Fandrich,2021-07-26,2021-11-30,
2388009e-dccd-4e06-b9b9-e7a7355dd12b,Jennette Wrintmore,2022-11-19,2020-09-08,
9f4f1f91-fa8b-4f07-8df0-9035f31f6543,Konstance Marunchak,2022-09-03,,
432200d3-f78d-44d9-a1ab-bbfa86f2045d,Siobhan Balloch,2021-08-29,2020-09-05,
ac3e8a01-cef9-4734-8b42-58f8cf3f29cd,Rice Feares,2022-05-17,2022-01-25,
8e7d2b23-ee3f-4fcc-b9e0-83cc3fd9673d,Karl Srutton,2022-06-28,,
74e549aa-04ec-4898-84c7-86a9fc4bc931,Benoit Growcock,2021-04-08,,
532c9bde-67c2-43cb-bbf8-9943ad51b504,Becky Litzmann,2021-02-03,,
cbb90a25-c11c-472a-bab9-441d690b0a26,Niel Wollen,2021-10-28,,
0537b531-f22e-46b5-961b-6b7941c4b4bc,Lenka Szanto,,,
34ab4bb4-8dbf-45c6-b842-5b3668fbe99d,Berkie Cossar,2022-04-25,,
4e0eee11-f5ba-483a-934e-5dd383bdea24,Thorvald Giorgio,2022-04-16,,
d4fa764f-1e19-4d22-bd26-30f8e05e7b19,Corly Prowse,2022-01-12,,
d075e7ca-068b-4a28-b237-4085e3b0803c,Natal Brewood,2022-01-23,2020-03-25,
b184f17c-79a6-4d32-a766-10f12a74e6bb,Dell Clitheroe,2021-02-03,,
e0069920-a775-4aea-ad1f-8ff91a179eb5,Ashleigh Reddings,2022-02-22,,
47dcde8b-ba81-4dd9-96bd-324c0bbf9757,Scotti Hodgin,,,
f8377a84-7272-483a-8dca-c5505f76e14f,Kettie Pandey,,,Yes
cec04992-2631-4414-9445-0a1ea78f8679,Barclay Millsap,2021-03-14,2021-03-06,
f0446e25-63d5-4bf7-9776-7c10fbfcdc48,Karlik Dumbleton,2021-10-01,,Yes
f1771cca-b75b-4d1f-99eb-922aeb0ec293,Deva Day,2021-03-06,,
5311fe29-8a16-492a-9564-b1fb26877217,Pavia MacAne,2021-06-25,,
a9d87658-b3a8-4d03-b485-8235c45f8e0a,Peyton Enoksson,2021-10-12,,
c0559f6b-746d-45ad-ad73-84b38819c5be,Jock Rome,,2022-07-30,
ae676554-e663-4f88-b600-f7203f329a83,Jimmie Mitroshinov,2021-01-16,,
a288fb11-cdc8-4633-9e99-5c7f3563c708,Jeannie Serck,2020-07-23,,
799de465-b07d-404b-a15a-f30733e4ce84,Ezmeralda Loncaster,,,
e3cdc23e-53dc-423d-a8b0-cebe77247ed7,Addison Shernock,2022-04-27,,
c341dd4d-b1f7-4b1b-ba39-da5f27099934,Lucretia Fortin,2020-05-20,,
78282891-900c-4cda-86b0-427e385ece78,Danny Seville,2020-10-12,,
de81d927-8364-4420-bef1-2fa9bc2ca9d4,Elayne Shuxsmith,,2021-08-13,
32f984a9-398a-4650-a0bf-692fce2f294c,Ermengarde McKinnon,2021-07-23,,
113b6b88-ba39-4085-97c9-25ae5c140fa1,Earle Croizier,2021-05-30,2021-07-25,
14e65818-82db-431b-bef7-671b82d24aff,Trumann Kenefick,2022-09-07,,Yes
34154a05-8d49-40d5-b1c1-7c06ff580e37,Jackie Klimsch,2022-02-27,2020-04-28,
26542859-d08c-498f-86f1-cad6b3dd7137,Lorita Carwardine,2021-10-27,2022-07-23,
4875398f-1d1d-4549-8fe2-8cc1c9de0489,Jacobo Churly,2022-05-29,2021-06-09,Yes
ce29efbc-ef34-48a9-b33f-874e94c9afca,Marylynne Marnane,,,Yes
52f893e1-27fb-48d7-9492-0ae8fb41bb36,Peri Rainsden,,,
06a51c62-e1dd-41cb-9df3-e376d4ccbd69,Ogden Hasnip,,,Yes
164441fc-fc19-4ed5-ac50-6d8c54b922fc,Duky Beall,,2020-04-30,Yes
4b7fed01-a278-4610-8462-4e3629fbee78,Deedee Haffenden,2021-11-19,,
0f1d34d4-880c-494d-b40e-ca613cb700dd,Johnnie Tether,2020-03-23,,
f39cdb0e-fb63-4a89-a01a-ffde4763697b,Gav Fassbender,2021-10-16,,
35772b3e-5690-475e-8c34-2c805d44b597,Pauli Lattimore,2022-02-21,,Yes
9270b4a7-b124-4a91-b4c7-d980fdca7c5b,Trenna Gencke,2022-06-21,,
573b68f8-f6e2-4bcd-aab5-cb7909b37be8,Carlie Cromar,2021-02-13,2021-03-25,
2806a0a3-3c50-45cf-a496-6df9f498182f,Perceval Norwood,2022-01-04,2021-10-17,
c5624ea7-b5f8-4c2e-a2bc-afb46417c2ad,Corrianne Tommeo,,,
15d4d028-d40c-4dea-a8ce-b9e33bc15a1c,Shaine Habbal,2022-09-02,,
68267f71-5c44-4815-9fcf-baf781f25c28,Skipper Donnell,2020-10-02,,
898eca3e-2427-412a-9640-51ed93c4703c,Nealon Aishford,2021-11-25,2021-06-02,
1ccf34c5-32ee-4ec7-ae5d-dedc39655765,Reiko Simmens,2020-06-19,,
ade41bc8-39e6-4d36-9af1-c8e5e39d41e7,Almeta Lauder,2021-10-18,,
5557a16c-3435-4198-aa12-d85e8065c76f,Karissa Grigsby,2021-08-31,,
b6bddb2d-8ce3-4fec-819f-616dc1c807c9,Gorden Lorie,2022-06-06,,
967160f4-97c9-4ce6-9b82-6d344bfe68ea,Carlynne Jzhakov,2022-05-13,,
6ebf3182-f5ab-46e7-b142-9418d79d3ccd,Shep Barsam,2021-12-29,,
a59f1530-0ac0-484a-be11-7e5e359d7ac1,Elnore Signori,2022-05-04,,Yes
048f7ea2-c7dd-430d-a769-e87f1600ff61,Darn Hazelton,2020-07-31,,
aad9bf91-c4e1-4634-83ba-3306dde05d38,Inez Broker,2020-04-04,,
022292d1-5380-4878-a028-4330004b793a,Fernandina Winsor,2020-03-26,,
8dbbde65-6ee9-499a-b287-04d599b8c55a,Brandice Banbrigge,2021-04-15,,
248f8cec-12b7-4c8a-bd79-c3c3ce834d27,Lyndy Bute,2021-09-04,,
441b0b7c-d7e2-4fca-94f2-9c339e2266b5,Fan Dood,2021-02-25,,Yes
e61cfbc0-aa6b-4d13-a00b-5e215efca31f,Dietrich Procter,,2022-09-12,Yes
ee94ddb5-983b-4c0a-874b-6771ad6d2ae4,Matthiew Hains,2022-01-14,,
1a33bf5a-3bd2-44c8-9092-4a030882a185,Leeann Sargint,,,
69d04018-9b53-41de-9f32-744356dc4041,Edita Lyddyard,2022-01-01,,
96dca14d-5c3b-4fe7-94e8-37537ec1c764,Brucie Coleson,2020-07-25,2021-02-11,Yes
23ef3abf-7e72-4a5c-9680-28fa4cfa1c6a,Iver Boniface,2020-11-11,2021-01-09,
8a5f6a1e-8213-4c4d-9de9-529a16dfb003,Avrom Levick,2020-06-02,2022-10-08,
6837e231-a329-45e7-87e4-68f47deec1b4,Frannie Wickson,2022-04-12,2020-10-11,
c6df0a21-9dd0-49c4-83c7-031a327d3d55,Penny Giacopetti,2022-03-01,,
840ce7ca-08c4-4f91-bf57-05c7612ba2ad,Willie Ivons,2021-10-02,,Yes
a2b20bae-f030-469b-93a5-3d41345179d4,Ola Smithies,2021-10-14,,
d09c080b-e405-478c-9a98-256ff77b77b6,Lorri Bagenal,2020-04-02,,
22ce22e3-c866-4eb0-a92e-a3e0ad0603da,Eldridge Tousey,2020-08-01,2020-06-20,
4ff5a31d-be47-4784-a6b1-fa38c198e6f3,Harwilll Ockenden,2022-03-21,,Yes
40880dbe-6eee-430f-a88c-dd76abf200de,Fredrika Gallifont,2021-10-07,,Yes
f5af946e-0d04-4cb3-bb23-3c7e3efa03f1,Devon Paradise,2021-08-09,2020-08-12,
5c508b91-2811-4488-88aa-9956908515b3,Ezmeralda MacDavitt,2021-09-30,2021-08-28,
78e91105-5c4c-4051-a351-a6122fe9a519,Sandra June,2020-11-11,,
e136de99-1e8c-40d0-b1c2-62fc4e396aea,Benedicta Gytesham,,2020-08-25,
625338b3-d3be-4aaf-ada6-1ead45ef9f47,Beret Vearncombe,2022-02-18,2020-04-16,
f23c5575-634b-4fe3-acea-7b64759bfdb1,Morse Weir,2021-05-12,,Yes
d6265dde-6284-4987-a96d-ba5cfcefc1e7,Annadiane Caulcutt,2022-10-24,2021-02-16,
bc018e02-f007-4800-ae95-2b8febc44cb9,Rory Dullard,2021-07-28,,
23d681aa-f319-4c2d-97e6-d0dd17692fd6,Teddi Malinson,2022-04-17,2022-08-05,
48a7c03b-ddcb-4c37-b86e-7b09a6998489,Lyssa Clere,2020-05-31,,Yes
e0c8aee8-acb2-4f19-9a52-3146e28f4795,Gavra Tink,,,
91023983-07e9-47d8-b45e-aaa2eb273196,Merrielle Skone,,2022-10-12,
faa2af9a-8c32-4b4b-b3c5-67d008a829a0,Marcelline Ruzicka,2021-06-09,,
72e739cd-1dc3-498b-b6fa-afffc0aacd61,Lidia McCrossan,2020-07-14,,Yes
6c41e453-2796-4a60-a3bc-97d8572ec7e7,Donni Gabotti,2021-08-25,,
3c2ca917-c91c-44eb-9ea1-77378b7a5b81,Lovell Richmond,2022-05-06,,Yes
28d602e7-fcb4-4ad4-8450-1a2dc84e5625,Emilio Lindenstrauss,,,
63f3c78b-e145-44e5-8208-ccff078ffea2,Dolley Maggi,2022-02-18,,
cfe71d90-6325-467d-bf5b-09929e7a2c8c,Sue Sproston,2022-04-11,2020-09-28,
91a5c1d9-7353-42f4-88af-bbcdc5ea5217,Marita Coit,2021-12-10,,
9ad4f1a4-0648-4ff1-8e48-43dfcb80744e,Martie Ducarne,2022-01-18,,
31814d10-5e38-4729-81a3-b38482add0d0,Heywood Roderham,,,
21847faa-fa88-4417-baa2-2b522c1e8592,Emalee Beckson,2022-08-08,,
1c527734-6534-4d40-bfc2-80effacf7fab,Valery Itzchaky,2021-12-15,,
c5315b5e-2b30-4c2c-a8f2-477d4678b30b,Julie Goudard,2022-04-20,,
67e27279-9cd3-4ad2-b049-6e14b25305af,Sansone Tuny,2022-10-09,,
c867a54e-b476-46b0-ad4f-461c63e34a8a,Mirna Mathews,2021-08-14,2022-09-03,Yes
7bdde245-0f84-4c6f-a355-4b5bda9d58a1,Dolly Scourfield,2021-08-22,2020-09-22,Yes
cf6adfa5-973a-438a-a0a8-01455cb06e02,Kristofer Burle,2021-08-02,,
ef8f6db2-abd6-4fe9-adb1-1b9cc3395779,Richart Rupert,2020-12-18,,
253dd718-fded-4ccc-979e-7f38730c3cf3,Vito Kaes,2022-03-31,,
27b3e7d3-5d41-4169-93e1-ec6446776944,Adelind Penticoot,2020-06-17,,Yes
6871d4ab-5856-4b8a-9c15-bc60381be4a3,Keriann Parslow,2021-07-21,,
236ee589-f293-438c-9e65-1f14085d3295,Joell Cracie,2020-08-03,,
3c30f251-e4c9-45c1-a716-d06eef1fd090,Marjie Trevance,2022-09-03,,
ccafee7d-318c-4fd7-a8d2-34838e504fc8,Jen Barr,2020-08-04,2020-12-04,
adcb92c1-ed74-4981-9064-e9c7caa170ea,Deva Kensy,2021-04-27,2021-02-13,
106a0918-72da-43b9-9f17-587e8eb51af2,Bette-ann Hagstone,2020-09-21,2022-03-14,
ca560030-444d-4460-a53a-632cf515ed72,Alaster Grindlay,,,Yes
a1fe99a9-120e-4b31-904a-0a846d334ee3,Gabi Maffei,,,
7485b947-1574-4115-9c2f-5b34821d2e99,Tori McCrann,2020-07-28,,Yes
0ee5a10b-4efe-4e35-8e05-528231d51417,Gilbertine Seabrocke,2021-01-14,2022-06-12,
8ebdd05a-2b73-4e6a-a5c0-0f224eee550a,Roxana Thames,2021-03-16,2022-02-19,
16335dbc-a39f-461a-b730-f6f1ab0383b1,Beniamino Hickisson,2020-04-06,,
b43f3170-9bc2-4f47-8289-610e06dfebf7,Natalee Shellcross,2022-08-18,,
eac75b5e-9ae9-4b17-a1c4-55b2707d871c,Sibyl Piola,2022-09-11,,
c2f4af3d-0f34-420e-84f2-e5e014b5d56d,Gwenneth Bottrill,2021-05-10,,
ef5f4d46-231e-408c-a175-1b8eb0e7031a,Sheree Coombs,2020-12-07,2021-01-17,